run_id,model_size,data_fraction,seed,checkpoint_type,path,exists,size_bytes,step,loadable,sha256
tiny-010pct-seed42,tiny,0.1,42,best,outputs/tiny-010pct-seed42/checkpoints/best.pt,True,1405708,2000,True,a899a695fbfc7f9210e2846982a25b008b1b06179bba768f9049ef9174b66308
tiny-010pct-seed42,tiny,0.1,42,final,outputs/tiny-010pct-seed42/checkpoints/final.pt,True,1406307,2000,True,08b6147c2090321a67a157f1d79b13ad1482e881a4e31d6f5dc29dedf631c742
tiny-030pct-seed42,tiny,0.3,42,best,outputs/tiny-030pct-seed42/checkpoints/best.pt,True,1405708,2000,True,7ae335ab695daa5100f91f11c0d567955897072fec08b78936d8816f67c068e7
tiny-030pct-seed42,tiny,0.3,42,final,outputs/tiny-030pct-seed42/checkpoints/final.pt,True,1406307,2000,True,66170fbfe58b245640d150bdf79b5d1a2e9d7aafd1b84e6b4c5d5f0db5c187c6
tiny-100pct-seed42,tiny,1.0,42,best,outputs/tiny-100pct-seed42/checkpoints/best.pt,True,1405708,2000,True,f1dfbdabdaa0dae1246d154551ecff00b113d0b8e6cc21ce287e32cfdf298522
tiny-100pct-seed42,tiny,1.0,42,final,outputs/tiny-100pct-seed42/checkpoints/final.pt,True,1406307,2000,True,bda4498face29e297222d0c420fc1107e59ec6d1a091b323e58686768c78b0d3
small-010pct-seed42,small,0.1,42,best,outputs/small-010pct-seed42/checkpoints/best.pt,True,9912076,2000,True,ae4bd80fad3f0741f4c09ad5a50dfc4e3b0f96bfab809b117314db6df80bff6f
small-010pct-seed42,small,0.1,42,final,outputs/small-010pct-seed42/checkpoints/final.pt,True,9912867,2000,True,c2b513c26f4e303ff90666ebdbda595353d08efcde6b3e880dfe798641fe613d
small-030pct-seed42,small,0.3,42,best,outputs/small-030pct-seed42/checkpoints/best.pt,True,9912076,2000,True,5276c0a182c456c1e99768c68605ed66de6306953b66c783f295cfa494af9460
small-030pct-seed42,small,0.3,42,final,outputs/small-030pct-seed42/checkpoints/final.pt,True,9912867,2000,True,c5d5df24a296b018067e24dcd694995e5d52be7da8de57da906f3c865f2d0c0e
small-100pct-seed42,small,1.0,42,best,outputs/small-100pct-seed42/checkpoints/best.pt,True,9912076,2000,True,43dae675e4d6fe2915923aa64a11b3d892ad479d212e6d2ccf8bb599b5ca4ce3
small-100pct-seed42,small,1.0,42,final,outputs/small-100pct-seed42/checkpoints/final.pt,True,9912867,2000,True,b9319d0d257fc91867d23124e1dbd257afbb350e91e818d7e6a291597048d1f4
medium-010pct-seed42,medium,0.1,42,best,outputs/medium-010pct-seed42/checkpoints/best.pt,True,57597964,2000,True,1c6a17f382f614b665fafdb55088080b0713d14b40beec0552f42da0be47a53d
medium-010pct-seed42,medium,0.1,42,final,outputs/medium-010pct-seed42/checkpoints/final.pt,True,57598883,2000,True,a780492bda307337a3be36f4e75b04f80112ed325e4eeab8f05fec31d88a4adb
medium-030pct-seed42,medium,0.3,42,best,outputs/medium-030pct-seed42/checkpoints/best.pt,True,57597964,2000,True,a09d33ef3f9325b172bcfb716e3fdd6492a9368c0ccc5a101dc3a12c53069409
medium-030pct-seed42,medium,0.3,42,final,outputs/medium-030pct-seed42/checkpoints/final.pt,True,57598883,2000,True,5b94025d99a5dc45410037782647492cba2991e86f61f7d688c77026040ff9bf
medium-100pct-seed42,medium,1.0,42,best,outputs/medium-100pct-seed42/checkpoints/best.pt,True,57597964,2000,True,f260545f86b79965c60262e69ef0f173688126d37f17935b02103b286ff33cc9
medium-100pct-seed42,medium,1.0,42,final,outputs/medium-100pct-seed42/checkpoints/final.pt,True,57598883,2000,True,3625e6d8f7416f8d927e88e80cdee058aa2bc7d6108e2bb63f91b64126cbd0cd
